{
  "alarm_throughput": {
    "alarms_per_second": 1001.9510856937563,
    "avg_latency_ms": 5.52555204666877,
    "p99_latency_ms": 79.49134363695295,
    "total_alarms_processed": 203184
  },
  "correlation_performance": {
    "correlations_per_second": 383.2283799357467,
    "avg_correlation_time_ms": 6.583182467387332,
    "root_cause_accuracy": 0.875882421261204
  },
  "kpi_computation": {
    "kpis_per_second": 9480.100170009475,
    "avg_computation_time_us": 60.86657055939895,
    "concurrent_streams": 85
  },
  "database_operations": {
    "writes_per_second": 4982.700903579471,
    "reads_per_second": 6838.826491853106,
    "avg_query_time_ms": 4.95375710422252
  },
  "resource_utilization": {
    "cpu_percent": 40.154346176071485,
    "memory_percent": 69.8797536409831,
    "disk_io_mbps": 38.95309454104275
  },
  "framework_metrics": {
    "uptime_percent": 99.95,
    "error_rate_percent": 0.04247220985998184,
    "success_rate_percent": 99.94668017271398
  },
  "timestamp": "2026-03-19T00:33:31.559693+00:00",
  "test_duration_seconds": 3600,
  "test_configuration": {
    "num_network_elements": 300,
    "simulation_days": 7
  }
}